,goals,yellowCards,redCards,groundDuelsWon,groundDuelsWonPercentage,aerialDuelsWon,aerialDuelsWonPercentage,successfulDribbles,assists,accuratePassesPercentage,totalDuelsWon,totalDuelsWonPercentage,minutesPlayed,wasFouled,fouls,dispossessed,appearances,saves,savedShotsFromInsideTheBox,savedShotsFromOutsideTheBox,goalsConcededInsideTheBox,goalsConcededOutsideTheBox,highClaims,successfulRunsOut,punches,runsOut,accurateFinalThirdPasses,bigChancesCreated,accuratePasses,keyPasses,accurateCrosses,accurateCrossesPercentage,accurateLongBalls,accurateLongBallsPercentage,interceptions,clearances,dribbledPast,bigChancesMissed,totalShots,shotsOnTarget,blockedShots,goalConversionPercentage,hitWoodwork,offsides,expectedGoals,errorLeadToGoal,errorLeadToShot,passToAssist,player,team
0,6,0,0,32,49.23,16,51.61,16,2,68.25,48,50.0,500,13,6,16,7,0,0,0,4,0,0,0,0,0,42,1,86,11,0,0.0,3,50.0,2,3,1,5,32,14,7,18.75,2,2,0.0,0,0,0,Khadija Shaw,Manchester City W.F.C.
1,6,2,0,26,55.32,4,57.14,13,1,81.9,30,55.56,492,5,7,8,7,0,0,0,5,1,0,0,0,0,76,2,190,9,3,25.0,21,70.0,1,1,1,2,29,13,6,20.69,2,1,0.0,0,0,0,Lauren James,Chelsea FC Women
2,1,0,0,6,75.0,1,25.0,3,0,68.57,7,58.33,167,3,1,1,2,0,0,0,1,1,0,0,0,0,29,0,48,11,7,35.0,1,33.33,0,2,0,1,3,3,0,33.33,0,1,,0,0,0,Guro Reiten,Chelsea FC Women
3,0,0,0,22,73.33,5,50.0,5,1,85.07,27,67.5,458,2,4,0,6,0,0,0,5,0,0,0,0,0,97,3,319,20,19,50.0,19,54.29,9,8,2,0,2,1,0,0.0,0,0,0.0,0,1,0,Ève Périsset,Chelsea FC Women
4,1,3,0,37,67.27,15,60.0,8,2,79.27,52,65.0,720,4,4,4,8,0,0,0,7,2,0,0,0,0,96,3,413,26,19,37.25,24,38.71,10,7,9,0,10,5,2,10.0,1,0,0.0,0,0,0,Katie Zelem,Manchester United Women
5,1,1,0,32,56.14,15,68.18,13,3,81.08,47,59.49,689,1,5,11,8,0,0,0,6,1,0,0,0,0,133,4,377,8,5,21.74,19,59.38,11,11,2,0,15,5,6,6.67,0,2,0.0,0,0,0,Niamh Charles,Chelsea FC Women
6,6,2,0,21,48.84,11,42.31,9,1,71.75,32,46.38,718,6,1,5,8,0,0,0,15,0,0,0,0,0,49,2,127,9,0,0.0,4,44.44,4,3,2,3,32,20,3,18.75,1,11,0.0,0,0,0,Martha Thomas,Tottenham FC Women
7,3,1,0,23,38.98,0,0.0,8,1,84.14,23,34.85,651,8,6,12,8,0,0,0,4,0,0,0,0,0,95,4,191,18,16,21.62,7,70.0,4,2,9,2,35,15,11,8.57,1,1,0.0,0,0,0,Chloe Kelly,Manchester City W.F.C.
8,5,2,0,27,49.09,8,38.1,4,2,86.47,35,46.05,659,8,2,11,8,0,0,0,3,0,0,0,0,0,102,1,262,12,3,75.0,12,80.0,5,5,14,2,21,9,8,23.81,0,0,0.0,0,0,0,Jill Roord,Manchester City W.F.C.
9,3,3,0,34,58.62,1,33.33,7,1,78.55,35,57.38,610,10,3,10,8,0,0,0,7,0,0,0,0,0,96,3,249,15,10,27.78,22,51.16,5,8,8,1,15,7,7,20.0,0,0,0.0,0,0,0,Katie McCabe,Arsenal Women
10,4,0,0,23,56.1,6,66.67,1,1,78.82,29,58.0,384,11,4,5,7,0,0,0,5,0,0,0,0,0,31,2,67,9,2,22.22,0,0.0,2,3,4,1,16,9,4,25.0,1,7,0.0,0,0,0,Nikita Parris,Manchester United Women
11,0,1,0,10,66.67,3,100.0,1,1,81.69,13,72.22,151,3,2,2,3,0,0,0,1,0,0,0,0,0,53,1,116,4,0,0.0,3,33.33,0,5,0,0,5,2,1,0.0,0,0,,0,0,0,Melanie Leupolz,Chelsea FC Women
12,0,0,0,0,0.0,2,100.0,0,0,80.33,2,100.0,90,0,0,0,1,3,2,1,0,0,0,0,3,0,0,0,49,0,0,0.0,9,42.86,0,3,0,0,0,0,0,0.0,0,0,0.0,0,0,0,Teagan Micah,Liverpool FC Women
13,0,1,0,1,100.0,0,0.0,0,0,78.49,1,33.33,540,1,0,0,6,31,23,8,12,0,5,1,2,1,1,0,146,0,0,0.0,28,41.79,0,3,0,0,0,0,0,0.0,0,0,0.0,0,0,0,Courtney Brosnan,Everton Women
14,0,0,0,17,70.83,0,0.0,7,2,88.41,17,68.0,274,5,0,4,4,0,0,0,2,0,0,0,0,0,38,0,145,9,3,50.0,6,60.0,3,2,1,0,1,1,0,0.0,0,0,0.0,0,1,0,Kyra Cooney-Cross,Arsenal Women
15,0,0,0,0,0.0,4,100.0,0,0,79.26,4,100.0,720,0,0,0,8,41,30,11,17,1,2,2,5,2,2,0,256,0,0,0.0,41,42.71,0,8,0,0,0,0,0,0.0,0,0,0.0,1,1,0,Janina Leitzig,Leicester City WFC
16,0,0,0,0,0.0,1,100.0,0,0,60.31,1,100.0,630,0,0,0,7,39,30,9,14,2,6,0,0,0,4,0,158,0,0,0.0,72,44.17,0,1,0,0,0,0,0,0.0,0,0,0.0,0,0,0,Sophie Baggaley,Brighton
17,1,1,1,33,62.26,8,66.67,7,3,88.74,41,63.08,696,9,5,7,8,0,0,0,5,0,0,0,0,0,106,1,449,7,0,0.0,9,36.0,16,13,5,0,4,2,1,25.0,0,0,0.0,0,0,0,Laia Aleixandri,Manchester City W.F.C.
18,1,0,0,10,76.92,18,85.71,1,0,85.09,28,82.35,528,0,1,1,6,0,0,0,3,1,0,0,0,0,50,1,411,1,0,0.0,31,46.97,12,15,1,1,10,3,2,10.0,1,1,0.0,0,0,0,Millie Bright,Chelsea FC Women
19,4,1,0,14,42.42,10,66.67,5,1,78.88,24,50.0,433,3,4,8,7,0,0,0,3,0,0,0,0,0,74,1,198,7,0,0.0,5,41.67,6,5,5,3,16,8,3,25.0,0,0,0.0,0,0,0,Sjoeke Nüsken,Chelsea FC Women
20,3,0,0,15,41.67,3,33.33,6,1,71.67,18,40.0,603,1,4,5,8,0,0,0,5,0,0,0,0,0,84,2,215,22,20,41.67,13,50.0,4,5,8,0,11,8,2,27.27,0,0,0.0,0,0,0,Marie Theresa Höbinger,Liverpool FC Women
21,3,0,0,6,35.29,12,70.59,0,3,75.74,18,52.94,435,3,2,7,6,0,0,0,4,0,0,0,0,0,54,3,103,8,2,33.33,0,0.0,1,3,0,2,16,6,2,18.75,1,6,0.0,0,0,0,Samantha Kerr,Chelsea FC Women
22,3,1,1,22,41.51,4,50.0,13,2,71.43,26,42.62,513,4,6,11,7,0,0,0,4,0,0,0,0,0,51,4,110,15,3,27.27,5,71.43,1,2,0,1,18,10,2,16.67,2,3,0.0,0,0,0,Lauren Hemp,Manchester City W.F.C.
23,0,0,0,29,67.44,2,33.33,8,0,87.82,31,63.27,707,6,0,5,8,0,0,0,5,0,0,0,0,0,114,1,440,12,0,0.0,8,44.44,19,5,6,0,3,1,1,0.0,0,0,0.0,0,0,0,Yui Hasegawa,Manchester City W.F.C.
24,1,1,0,59,62.77,7,70.0,13,0,77.42,66,63.46,720,10,6,6,8,0,0,0,16,0,0,0,0,0,68,1,288,10,4,40.0,14,38.89,18,20,14,0,9,4,2,11.11,0,1,0.0,0,0,0,Ashleigh Neville,Tottenham FC Women
25,5,0,0,23,48.94,8,36.36,2,0,77.45,31,44.93,556,8,10,11,8,0,0,0,12,1,0,0,0,0,29,1,79,3,0,0.0,6,100.0,0,0,2,1,22,10,5,22.73,0,8,0.0,0,0,0,Elisabeth Terland,Brighton
26,2,0,0,10,37.04,39,66.1,1,2,61.59,49,56.98,484,3,7,5,6,0,0,0,8,0,0,0,0,0,38,2,101,3,1,20.0,7,87.5,2,5,6,5,21,8,0,9.52,0,1,0.0,0,0,0,Sophie Haug,Liverpool FC Women
27,1,0,0,17,47.22,1,33.33,9,3,83.78,18,46.15,393,2,0,8,6,0,0,0,3,0,0,0,0,0,57,2,124,12,3,33.33,3,75.0,6,0,5,2,10,4,3,10.0,0,1,0.0,0,0,0,Johanna Rytting Kaneryd,Chelsea FC Women
28,1,0,0,5,50.0,0,0.0,1,0,75.0,5,50.0,50,2,0,3,2,0,0,0,0,0,0,0,0,0,6,0,12,2,1,100.0,1,33.33,0,0,0,0,5,2,1,20.0,2,0,0.0,0,0,0,Lina Hurtig,Arsenal Women
29,0,0,0,21,72.41,6,42.86,1,1,85.44,27,62.79,715,3,4,1,8,0,0,0,9,0,0,0,0,0,55,1,352,4,0,0.0,29,72.5,8,17,3,0,5,0,0,0.0,0,0,0.0,0,0,0,Grace Fisk,Liverpool FC Women
30,2,2,0,38,43.68,6,54.55,18,2,76.13,44,44.9,637,5,12,14,8,0,0,0,7,0,0,0,0,0,112,2,185,13,2,8.7,3,33.33,4,2,7,1,24,7,11,8.33,3,3,0.0,0,0,0,Caitlin Foord,Arsenal Women
31,1,0,0,7,46.67,28,75.68,0,0,92.87,35,67.31,708,2,4,3,8,0,0,0,7,2,0,0,0,0,27,0,521,1,0,0.0,21,65.63,7,41,0,0,16,4,3,6.25,0,0,0.0,0,0,0,Millie Turner,Manchester United Women
32,2,1,0,52,48.6,5,71.43,24,1,78.97,57,50.0,645,10,13,21,8,0,0,0,13,0,0,0,0,0,75,0,229,11,1,14.29,12,60.0,9,4,7,0,19,9,6,10.53,0,2,0.0,0,0,0,Grace Clinton,Tottenham FC Women
33,1,0,0,19,50.0,0,0.0,5,2,86.6,19,44.19,340,3,0,12,8,0,0,0,4,0,0,0,0,0,77,4,168,13,1,20.0,2,50.0,2,0,0,2,10,6,0,10.0,3,4,0.0,0,0,0,Francesca Kirby,Chelsea FC Women
34,1,2,0,18,66.67,22,64.71,2,0,79.13,40,65.57,684,2,7,1,8,0,0,0,8,0,0,0,0,0,19,0,273,2,1,50.0,26,46.43,8,39,1,0,9,1,3,11.11,1,0,0.0,0,0,0,Gemma Bonner,Liverpool FC Women
35,0,0,0,1,33.33,0,0.0,0,1,83.33,1,33.33,13,0,0,0,1,0,0,0,0,0,0,0,0,0,4,1,5,3,0,0.0,2,100.0,0,0,1,0,0,0,0,0.0,0,0,0.0,0,0,0,Irene Guerrero,Manchester United Women
36,0,0,0,29,74.36,11,57.89,1,1,88.71,40,68.97,720,5,4,2,8,0,0,0,6,1,0,0,0,0,66,1,558,2,1,33.33,46,63.89,3,26,4,0,4,1,1,0.0,0,1,0.0,0,1,0,Jess Carter,Chelsea FC Women
37,2,0,0,35,47.95,2,22.22,12,0,79.11,37,45.12,635,4,5,11,8,0,0,0,14,0,0,0,0,0,70,1,178,8,6,22.22,3,50.0,10,2,10,1,17,7,5,11.76,1,1,0.0,0,0,0,Celin Bizet Ildhusøy,Tottenham FC Women
38,4,1,0,24,47.06,21,56.76,2,0,67.77,45,51.14,720,15,5,11,8,0,0,0,16,4,0,0,0,0,49,0,143,2,2,33.33,11,57.89,1,11,4,3,25,9,4,16.0,1,7,0.0,0,0,0,Rachel Daly,Aston Villa WFC
39,2,2,0,24,38.71,11,36.67,6,2,77.4,35,38.04,679,10,6,20,8,0,0,0,8,0,0,0,0,0,77,3,161,12,3,21.43,6,54.55,2,0,3,1,19,6,6,10.53,1,4,0.0,0,0,1,Alessia Russo,Arsenal Women
40,0,0,0,8,44.44,1,33.33,1,0,78.39,9,42.86,261,5,1,3,3,0,0,0,3,1,0,0,0,0,54,1,156,9,6,28.57,6,40.0,3,2,1,0,4,3,0,0.0,0,0,0.0,0,0,0,Kenza Dali,Aston Villa WFC
41,1,0,0,25,86.21,13,65.0,6,2,73.58,38,77.55,529,9,0,1,7,0,0,0,6,2,0,0,0,0,63,0,142,9,6,30.0,2,16.67,2,4,1,1,13,2,3,7.69,0,5,0.0,0,0,0,Leah Galton,Manchester United Women
42,0,0,0,17,77.27,10,52.63,2,0,86.84,27,65.85,720,5,0,3,8,0,0,0,5,0,0,0,0,0,56,0,475,0,0,0.0,29,43.28,3,38,2,0,5,1,1,0.0,0,0,0.0,0,0,0,Alanna Kennedy,Manchester City W.F.C.
43,0,1,1,11,64.71,9,47.37,1,1,86.55,20,55.56,488,6,2,2,6,0,0,0,1,0,0,0,0,0,77,1,399,9,5,33.33,23,39.66,8,19,2,0,5,1,1,0.0,1,0,0.0,0,0,0,Alex Greenwood,Manchester City W.F.C.
44,5,0,0,3,27.27,3,42.86,1,0,74.51,6,33.33,146,1,1,3,6,0,0,0,2,0,0,0,0,0,20,0,38,0,0,0.0,1,50.0,0,1,0,0,11,6,2,45.45,0,1,0.0,0,0,0,Agnes Beever-Jones,Chelsea FC Women
45,0,1,0,1,50.0,3,100.0,0,0,64.96,4,80.0,720,0,1,0,8,25,16,9,5,0,5,2,1,2,4,0,178,1,0,0.0,44,32.84,0,3,0,0,0,0,0,0.0,0,0,0.0,1,0,0,Khiara Keating,Manchester City W.F.C.
46,1,2,0,33,54.1,11,47.83,4,1,64.53,44,52.38,626,6,5,6,7,0,0,0,8,0,0,0,0,0,44,0,151,11,7,41.18,16,41.03,2,4,9,0,12,4,2,8.33,2,0,0.0,0,0,0,Ceri Holland,Liverpool FC Women
47,0,1,0,19,70.37,0,0.0,3,0,67.47,19,63.33,181,4,2,2,3,0,0,0,3,0,0,0,0,0,16,1,56,1,2,20.0,3,42.86,0,0,2,0,4,1,0,0.0,0,0,,0,0,0,Lucy Hope,Everton Women
48,1,1,0,13,30.95,1,50.0,4,3,80.29,14,31.82,630,3,1,11,8,0,0,0,7,1,0,0,0,0,141,3,277,13,1,12.5,12,66.67,3,3,6,0,14,6,3,7.14,0,3,0.0,0,0,0,Ella Toone,Manchester United Women
49,1,0,0,27,64.29,11,64.71,0,1,84.91,38,64.41,709,12,4,4,8,0,0,0,15,0,0,0,0,0,79,0,405,8,5,27.78,21,60.0,9,8,7,0,7,3,0,14.29,0,1,0.0,0,0,0,Eveliina Summanen,Tottenham FC Women
50,2,0,0,12,44.44,2,50.0,3,1,71.58,14,45.16,220,4,2,5,6,0,0,0,1,0,0,0,0,0,27,2,68,5,1,14.29,1,20.0,3,2,4,2,8,4,0,25.0,1,1,0.0,0,0,0,Bethany Mead,Arsenal Women
51,0,0,0,24,50.0,3,50.0,15,2,83.62,27,50.0,485,2,2,9,8,0,0,0,3,0,0,0,0,0,92,2,194,6,8,38.1,1,50.0,2,3,5,0,8,3,3,0.0,0,3,0.0,0,0,0,Mary Fowler,Manchester City W.F.C.
52,0,2,0,33,66.0,4,40.0,8,1,76.89,37,61.67,471,7,4,3,6,0,0,0,3,1,0,0,0,0,31,3,173,7,4,36.36,11,40.74,6,5,3,0,3,2,0,0.0,0,0,0.0,0,0,0,Jayde Riviere,Manchester United Women
53,3,0,0,22,59.46,4,80.0,2,2,67.91,26,61.9,559,5,0,8,8,0,0,0,13,0,0,0,0,0,52,1,127,8,6,31.58,6,46.15,1,12,6,0,16,6,5,18.75,0,1,0.0,0,0,1,Jutta Rantala,Leicester City WFC
54,2,2,0,21,43.75,19,50.0,3,3,67.98,40,46.51,660,4,13,6,8,0,0,0,15,1,0,0,0,0,41,1,138,7,0,0.0,3,100.0,6,13,6,2,17,5,5,11.76,0,3,0.0,0,0,0,Lena Petermann,Leicester City WFC
55,4,0,0,6,40.0,12,70.59,1,0,69.77,18,56.25,161,3,5,1,8,0,0,0,3,1,0,0,0,0,13,0,30,3,0,0.0,0,0.0,0,4,1,1,11,5,3,36.36,1,1,0.0,0,0,0,Rachel Williams,Manchester United Women
56,1,0,0,15,48.39,2,66.67,3,2,84.42,17,50.0,504,5,4,7,6,0,0,0,8,0,0,0,0,0,57,0,298,12,3,25.0,21,58.33,5,6,5,1,4,2,1,25.0,0,0,0.0,0,0,0,Olga Ahtinen,Tottenham FC Women
57,2,2,0,11,37.93,4,44.44,2,2,76.04,15,39.47,282,3,5,3,7,0,0,0,3,0,0,0,0,0,38,2,73,9,1,14.29,3,75.0,5,3,4,1,7,3,3,28.57,0,1,0.0,0,0,0,Cloé Lacasse,Arsenal Women
58,3,2,0,23,53.49,20,55.56,2,0,71.67,43,54.43,657,12,6,8,8,0,0,0,16,3,0,0,0,0,33,0,129,3,0,0.0,7,87.5,3,2,2,2,24,11,7,12.5,1,3,0.0,0,0,0,Riko Ueki,West Ham Women
59,0,0,0,0,0.0,2,100.0,0,0,80.86,2,100.0,720,0,0,0,8,27,20,7,7,2,2,1,7,1,3,0,262,0,0,0.0,36,37.11,0,12,0,0,0,0,0,0.0,0,0,0.0,0,0,0,Mary Earps,Manchester United Women
60,0,1,0,14,50.0,21,63.64,5,0,85.8,35,57.38,612,3,2,6,8,0,0,0,6,0,0,0,0,0,101,0,453,3,0,0.0,39,59.09,8,20,4,0,6,2,1,0.0,0,0,0.0,0,0,0,Lotte Wubben-Moy,Arsenal Women
61,0,0,0,30,66.67,1,33.33,7,0,86.69,31,64.58,704,3,2,3,8,0,0,0,7,2,0,0,0,0,93,0,469,5,1,12.5,26,68.42,9,12,7,0,5,2,1,0.0,0,0,0.0,0,0,0,Hannah Blundell,Manchester United Women
62,0,2,0,30,56.6,2,28.57,3,0,80.37,32,53.33,431,10,11,7,7,0,0,0,1,0,0,0,0,0,80,1,172,9,4,33.33,2,15.38,2,8,4,1,6,4,1,0.0,0,0,0.0,0,0,0,Filippa Angeldahl,Manchester City W.F.C.
63,2,1,0,38,59.38,4,44.44,5,1,77.3,42,57.53,653,17,7,11,8,0,0,0,12,3,0,0,0,0,45,0,109,6,0,0.0,7,58.33,5,5,2,0,15,3,4,13.33,2,2,0.0,0,0,0,Viviane Asseyi,West Ham Women
64,1,1,0,19,38.0,2,33.33,6,3,77.43,21,37.5,488,4,8,11,8,0,0,0,4,0,0,0,0,0,81,4,175,10,1,9.09,7,41.18,5,2,5,1,10,2,5,10.0,0,0,0.0,0,0,0,Victoria Pelova,Arsenal Women
65,3,1,0,13,40.63,4,30.77,3,0,75.26,17,37.78,338,4,4,6,7,0,0,0,3,2,0,0,0,0,32,1,73,4,1,50.0,2,66.67,4,0,6,0,13,5,5,23.08,1,2,0.0,0,0,0,Melvine Malard,Manchester United Women
66,1,0,0,9,64.29,4,57.14,1,1,82.31,13,61.9,654,0,1,1,8,0,0,0,8,0,0,0,0,0,129,1,335,10,10,20.83,8,28.57,3,11,2,0,5,1,1,20.0,0,1,0.0,0,0,0,Stephanie Catley,Arsenal Women
67,0,1,0,6,37.5,2,66.67,1,1,76.97,8,42.11,313,2,2,3,5,0,0,0,5,0,0,0,0,0,39,3,117,8,2,100.0,4,57.14,0,2,2,0,11,5,1,0.0,1,1,0.0,0,0,0,Drew Spence,Tottenham FC Women
68,0,0,0,0,0.0,0,0.0,0,0,68.48,0,0.0,360,0,0,0,4,18,9,9,2,1,2,2,2,2,1,0,63,0,0,0.0,18,38.3,0,4,0,0,0,0,0,0.0,0,0,0.0,1,0,0,Zećira Mušović,Chelsea FC Women
69,4,0,0,5,29.41,7,53.85,2,0,70.37,12,40.0,193,1,2,7,6,0,0,0,1,0,0,0,0,0,22,0,38,3,0,0.0,2,66.67,0,2,0,3,18,5,5,22.22,1,8,0.0,0,0,0,Stina Blackstenius,Arsenal Women
70,0,0,0,23,60.53,15,88.24,8,0,85.54,38,69.09,461,2,5,7,6,0,0,0,6,0,0,0,0,0,83,0,213,9,1,20.0,2,25.0,1,2,2,1,6,2,3,0.0,1,1,0.0,0,0,0,Kim Little,Arsenal Women
71,0,1,0,8,47.06,0,0.0,3,1,88.62,8,47.06,183,0,4,2,5,0,0,0,1,0,0,0,0,0,47,2,148,5,2,25.0,11,91.67,1,0,3,0,2,0,1,0.0,0,0,0.0,0,0,0,Jelena Čanković,Chelsea FC Women
72,0,0,0,12,60.0,3,60.0,0,0,86.32,15,60.0,401,1,2,2,5,0,0,0,3,0,0,0,0,0,66,0,202,1,1,50.0,16,61.54,2,13,3,0,3,2,0,0.0,0,0,0.0,0,0,0,Esme Morgan,Manchester City W.F.C.
73,0,1,0,28,54.9,6,66.67,6,1,88.89,34,56.67,458,5,7,3,7,0,0,0,6,0,0,0,0,0,85,0,272,2,1,14.29,10,47.62,3,8,11,0,5,0,2,0.0,0,0,0.0,0,0,0,Lia Wälti,Arsenal Women
74,0,0,0,8,61.54,5,45.45,0,1,80.99,13,54.17,477,1,2,1,7,0,0,0,5,1,0,0,0,0,89,1,277,8,1,100.0,22,62.86,5,7,2,1,5,2,2,0.0,0,0,0.0,0,0,0,Sophie Ingle,Chelsea FC Women
75,0,0,0,0,0.0,6,85.71,0,0,67.24,6,85.71,630,0,0,0,7,15,11,4,9,0,2,0,10,0,7,0,234,0,0,0.0,101,48.1,0,14,0,0,0,0,0,0.0,0,0,0.0,0,0,0,Rachael Laws,Liverpool FC Women
76,1,0,0,19,39.58,2,28.57,3,0,82.01,21,38.18,419,8,7,13,6,0,0,0,3,1,0,0,0,0,66,0,237,6,6,50.0,12,42.86,10,0,3,0,13,4,5,7.69,1,0,0.0,0,0,0,Erin Cuthbert,Chelsea FC Women
77,0,1,0,25,54.35,2,40.0,7,1,68.57,27,52.94,259,5,2,9,4,0,0,0,1,1,0,0,0,0,17,0,48,6,1,33.33,2,50.0,2,0,2,0,4,1,2,0.0,0,2,0.0,0,0,0,Shannon O'Brien,Leicester City WFC
78,0,0,0,1,100.0,1,50.0,0,0,74.74,2,66.67,630,1,0,0,7,26,12,13,14,2,4,3,3,3,1,0,219,0,0,0.0,60,48.39,0,7,0,0,0,0,0,0.0,0,0,0.0,0,0,0,Mackenzie Arnold,West Ham Women
79,3,0,0,11,57.89,12,60.0,2,0,86.99,23,58.97,720,0,6,1,8,0,0,0,15,0,0,0,0,0,15,1,361,2,0,0.0,17,41.46,7,23,1,0,4,4,0,75.0,0,0,0.0,0,1,0,Megan Finnigan,Everton Women
80,1,1,0,35,40.7,2,40.0,19,0,63.75,37,40.66,457,7,8,21,6,0,0,0,4,1,0,0,0,0,29,0,51,4,3,21.43,4,80.0,1,0,1,2,16,6,4,6.25,1,5,0.0,0,0,0,Geyse Ferreira,Manchester United Women
81,2,0,0,0,0.0,0,0.0,0,0,66.67,0,0.0,64,0,0,3,3,0,0,0,0,0,0,0,0,0,9,0,18,1,0,0.0,0,0.0,0,0,2,0,4,2,1,50.0,0,0,0.0,0,0,0,Laura Coombs,Manchester City W.F.C.
82,2,1,0,18,60.0,8,88.89,1,0,69.14,26,66.67,516,4,5,2,7,0,0,0,14,1,0,0,0,0,35,1,112,7,0,0.0,5,45.45,4,6,2,0,9,4,1,22.22,0,0,0.0,0,0,0,Janice Cayman,Leicester City WFC
83,0,0,0,0,0.0,0,0.0,0,0,80.0,0,0.0,11,0,0,0,1,0,0,0,0,0,0,0,0,0,1,0,4,1,0,0.0,1,100.0,1,1,0,0,0,0,0,0.0,0,0,0.0,0,0,0,Aniek Nouwen,Chelsea FC Women
84,0,0,0,1,100.0,1,100.0,0,0,92.86,2,100.0,45,0,0,0,1,0,0,0,1,0,0,0,0,0,3,0,26,0,0,0.0,1,50.0,1,2,0,0,0,0,0,0.0,0,0,0.0,0,0,0,Amy Turner,Tottenham FC Women
85,1,2,0,21,42.86,4,30.77,7,0,75.76,25,40.32,359,3,5,11,4,0,0,0,7,3,0,0,0,0,25,0,100,5,1,25.0,6,60.0,4,10,8,0,4,1,2,25.0,0,0,0.0,0,0,0,Lucy Parker,Aston Villa WFC
86,0,0,0,1,50.0,2,100.0,0,0,53.57,3,75.0,315,0,0,0,4,18,11,7,6,2,2,2,2,2,1,0,45,0,0,0.0,17,32.08,0,8,1,0,0,0,0,0.0,0,0,0.0,0,0,0,Olivia Clark,Bristol City WFC
87,2,1,0,21,35.59,0,0.0,12,1,76.47,21,32.81,373,5,7,5,8,0,0,0,3,0,0,0,0,0,41,1,78,9,0,0.0,2,66.67,4,2,3,2,17,7,7,11.76,0,3,0.0,0,0,0,Lucía García,Manchester United Women
88,0,3,0,41,61.19,3,33.33,14,0,74.04,44,57.89,694,5,6,8,8,0,0,0,9,0,0,0,0,0,54,1,231,6,4,17.39,16,50.0,6,13,9,0,7,1,1,0.0,0,0,0.0,0,0,0,Taylor Hinds,Liverpool FC Women
89,1,0,0,9,39.13,3,42.86,2,1,84.62,12,40.0,420,0,3,4,8,0,0,0,2,1,0,0,0,0,39,0,154,5,4,66.67,2,40.0,9,3,3,2,14,6,2,7.14,1,0,0.0,0,0,0,Hinata Miyazawa,Manchester United Women
90,1,2,0,18,75.0,9,47.37,2,0,77.81,27,62.79,720,1,3,1,8,0,0,0,16,3,0,0,0,0,29,0,242,1,0,0.0,17,41.46,11,47,2,0,3,1,1,33.33,0,0,0.0,0,0,0,Guro Bergsvand,Brighton
91,0,0,0,5,71.43,0,0.0,0,1,91.43,5,71.43,107,2,0,0,3,0,0,0,2,1,0,0,0,0,13,1,32,2,0,0.0,2,40.0,2,1,2,0,0,0,0,0.0,0,0,0.0,0,0,0,Lisa Naalsund,Manchester United Women
92,0,0,0,0,0.0,3,100.0,0,0,75.96,3,100.0,315,1,0,0,4,14,7,7,7,3,8,0,4,0,1,0,79,0,0,0.0,18,42.86,0,7,0,0,0,0,0,0.0,0,0,0.0,1,0,0,Kaylan Marckese,Bristol City WFC
93,1,1,0,12,57.14,6,37.5,0,1,84.39,18,48.65,720,4,2,2,8,0,0,0,7,2,0,0,0,0,52,1,492,3,2,100.0,58,49.57,9,15,5,0,1,1,0,100.0,0,0,0.0,1,0,0,Maya Le Tissier,Manchester United Women
94,0,0,0,18,52.94,2,100.0,5,3,76.47,20,55.56,292,4,8,3,8,0,0,0,7,1,0,0,0,0,33,2,104,7,5,33.33,12,57.14,2,6,3,0,5,2,1,0.0,0,0,0.0,0,0,0,Maisie Symonds,Brighton
95,0,0,0,1,100.0,0,0.0,0,0,76.72,1,100.0,720,0,0,0,8,29,19,10,16,4,10,1,5,1,3,0,257,0,0,0.0,45,39.47,0,7,0,0,0,0,0,0.0,0,0,0.0,0,0,0,Daphne van Domselaar,Aston Villa WFC
96,0,0,0,0,0.0,1,100.0,0,0,71.14,1,50.0,360,0,1,0,4,13,8,5,4,0,2,0,1,0,0,0,106,0,0,0.0,23,40.35,0,2,0,0,0,0,0,0.0,0,0,0.0,1,0,0,Ann Katrin Berger,Chelsea FC Women
97,0,1,0,15,45.45,5,55.56,0,0,81.78,20,47.62,715,0,8,1,8,0,0,0,15,0,0,0,0,0,83,0,350,6,2,16.67,22,59.46,13,9,7,0,7,2,3,0.0,0,0,0.0,0,0,0,Angharad James,Tottenham FC Women
98,0,1,0,18,45.0,4,50.0,2,0,72.46,22,45.83,533,5,4,5,7,0,0,0,7,3,0,0,0,0,49,0,171,2,1,14.29,8,42.11,15,5,7,0,7,3,1,0.0,0,0,0.0,0,0,0,Julia Zigiotti Olme,Brighton
99,0,1,0,28,60.87,7,53.85,3,0,76.68,35,59.32,570,4,5,5,8,0,0,0,14,2,0,0,0,0,47,0,217,8,6,40.0,18,58.06,8,8,5,0,3,0,1,0.0,0,1,0.0,0,0,0,Vicky Losada,Brighton
0,0,0,0,4,100.0,0,0.0,0,0,87.32,4,100.0,720,3,0,0,8,24,15,9,16,0,4,0,0,0,0,0,248,0,0,0.0,36,52.94,0,3,0,0,0,0,0,0.0,0,0,0.0,0,0,0,Rebecca Spencer,Tottenham FC Women
1,0,0,0,23,57.5,14,60.87,4,0,80.45,37,58.73,717,1,4,6,8,0,0,0,9,0,0,0,0,0,27,0,288,3,0,0.0,17,51.52,6,33,5,0,2,0,1,0.0,0,0,0.0,0,0,0,Jenna Clark,Liverpool FC Women
2,0,3,0,31,67.39,12,63.16,3,0,75.86,43,66.15,628,8,4,4,8,0,0,0,10,0,0,0,0,0,48,0,264,4,0,0.0,15,38.46,10,22,6,3,6,3,0,0.0,1,1,0.0,0,0,0,Justine Vanhaevermaet,Everton Women
3,2,0,0,7,21.21,2,50.0,1,0,79.71,9,24.32,385,1,3,11,8,0,0,0,6,0,0,0,0,0,66,0,110,6,3,13.64,2,100.0,1,1,7,0,20,6,10,10.0,0,5,0.0,0,0,0,Frida Maanum,Arsenal Women
4,0,0,0,5,83.33,1,100.0,2,0,82.0,6,85.71,90,0,0,0,1,0,0,0,2,0,0,0,0,0,6,0,41,2,0,0.0,2,33.33,1,2,0,0,0,0,0,0.0,0,0,,0,0,0,Elise Isolde Stenevik,Everton Women
5,0,0,0,5,83.33,4,50.0,0,0,89.42,9,64.29,126,1,0,1,2,0,0,0,2,0,0,0,0,0,14,0,93,0,0,0.0,3,60.0,0,5,0,0,1,0,0,0.0,0,0,0.0,0,0,0,Laia Codina,Arsenal Women
6,0,0,0,4,100.0,0,0.0,4,0,91.67,4,100.0,19,0,0,0,2,0,0,0,0,0,0,0,0,0,6,0,11,0,0,0.0,1,100.0,1,0,0,0,0,0,0,0.0,0,0,0.0,0,0,0,Kathrine Møller Kühl,Arsenal Women
7,0,1,0,12,60.0,3,37.5,1,0,91.71,15,53.57,720,3,2,0,8,0,0,0,16,0,0,0,0,0,23,0,487,1,0,0.0,28,53.85,9,27,6,0,0,0,0,0.0,0,0,0.0,0,2,0,Molly Bartrip,Tottenham FC Women
8,1,0,0,20,42.55,17,53.13,5,1,63.64,37,46.84,635,6,4,13,8,0,0,0,12,2,0,0,0,0,43,2,126,7,1,11.11,2,16.67,6,6,6,1,9,5,2,11.11,2,0,0.0,0,0,0,Pauline Bremer,Brighton
9,0,1,0,12,41.38,3,21.43,3,1,80.92,15,34.88,365,0,8,2,8,0,0,0,6,0,0,0,0,0,32,1,106,8,1,12.5,7,63.64,0,2,5,0,10,2,0,0.0,0,3,0.0,0,0,0,Missy Bo Kearns,Liverpool FC Women
10,0,2,0,46,47.42,0,0.0,14,0,69.23,46,46.94,589,12,7,19,8,0,0,0,12,0,0,0,0,0,38,1,144,5,3,13.04,8,47.06,7,10,13,0,3,1,1,0.0,0,1,0.0,0,0,0,Heather Payne,Everton Women
11,1,0,0,5,33.33,4,36.36,4,0,76.19,9,34.62,232,1,0,5,6,0,0,0,2,1,0,0,0,0,23,2,48,4,0,0.0,1,100.0,0,1,2,0,9,4,3,11.11,0,1,0.0,0,0,0,Mia Fishel,Chelsea FC Women
12,1,1,0,12,48.0,4,66.67,4,0,58.62,16,51.61,215,5,0,7,4,0,0,0,4,0,0,0,0,0,17,0,34,1,0,0.0,0,0.0,0,0,1,1,6,3,1,16.67,0,2,0.0,0,0,0,Shanice van de Sanden,Liverpool FC Women
13,1,1,0,17,70.83,10,55.56,5,0,86.52,27,64.29,720,3,3,2,8,0,0,0,16,4,0,0,0,0,58,0,443,3,0,0.0,26,49.06,7,34,2,0,5,3,1,20.0,0,0,0.0,0,0,0,Anna Patten,Aston Villa WFC
14,0,1,0,28,57.14,3,30.0,0,0,81.46,31,52.54,720,7,4,7,8,0,0,0,9,0,0,0,0,0,63,0,268,4,1,25.0,8,38.1,11,10,9,0,2,1,0,0.0,0,0,0.0,0,0,0,Fuka Nagano,Liverpool FC Women
15,1,2,0,22,45.83,3,100.0,6,1,76.92,25,49.02,377,6,3,8,7,0,0,0,7,2,0,0,0,0,25,2,70,6,3,16.67,1,33.33,4,1,3,1,4,4,0,25.0,0,2,0.0,0,0,0,Adriana Leon,Aston Villa WFC
16,0,0,0,7,53.85,6,100.0,2,1,77.08,13,68.42,189,0,2,0,3,0,0,0,2,1,0,0,0,0,19,1,74,3,1,25.0,5,50.0,2,7,2,0,1,0,0,0.0,0,0,,0,0,0,Gabrielle George,Manchester United Women
17,0,0,0,12,41.38,0,0.0,6,2,76.04,12,38.71,270,2,1,8,8,0,0,0,6,0,0,0,0,0,29,2,73,5,2,28.57,2,100.0,1,0,1,1,9,5,1,0.0,0,3,0.0,0,0,0,Jessica Naz,Tottenham FC Women
18,1,1,0,19,50.0,1,25.0,4,1,70.94,20,47.62,630,6,3,9,8,0,0,0,12,3,0,0,0,0,64,1,166,11,8,19.51,2,12.5,4,7,5,0,5,2,2,20.0,0,0,0.0,0,0,0,Lisa Evans,West Ham Women
19,1,0,0,3,33.33,0,0.0,0,0,87.5,3,33.33,88,2,5,0,4,0,0,0,2,0,0,0,0,0,6,0,56,1,1,50.0,2,66.67,1,0,1,0,2,1,0,50.0,0,0,0.0,0,0,0,Ria Percival,Tottenham FC Women
20,0,0,0,0,0.0,0,0.0,0,1,66.67,0,0.0,34,0,0,2,2,0,0,0,1,0,0,0,0,0,5,1,10,2,0,0.0,0,0.0,1,0,1,0,2,1,0,0.0,1,0,0.0,0,0,0,Leanne Kiernan,Liverpool FC Women
21,0,1,1,17,56.67,4,66.67,1,1,86.56,21,58.33,304,0,3,3,4,0,0,0,2,0,0,0,0,0,33,1,161,2,1,50.0,3,21.43,4,9,6,0,2,1,1,0.0,0,0,0.0,0,0,0,Leila Ouahabi,Manchester City W.F.C.
22,0,0,0,16,43.24,9,81.82,3,0,78.62,25,52.08,458,4,5,9,6,0,0,0,5,0,0,0,0,0,33,0,125,4,1,9.09,5,50.0,3,4,2,0,5,0,3,0.0,0,1,0.0,0,0,0,Emma Koivisto,Liverpool FC Women
23,0,0,0,21,42.86,2,33.33,4,1,77.91,23,41.82,467,4,5,9,8,0,0,0,14,3,0,0,0,0,61,1,254,11,5,22.73,19,40.43,11,3,8,0,5,3,1,0.0,0,0,0.0,0,0,0,Lucy Staniforth,Aston Villa WFC
24,0,0,0,10,66.67,8,47.06,0,0,83.8,18,56.25,540,2,4,0,7,0,0,0,6,0,0,0,0,0,28,0,269,2,0,0.0,15,40.54,3,22,2,1,3,0,1,0.0,0,0,0.0,0,0,0,Amanda Ilestedt,Arsenal Women
25,1,1,0,11,57.89,1,14.29,2,2,80.5,12,46.15,291,4,0,4,8,0,0,0,1,1,0,0,0,0,53,2,128,4,0,0.0,6,60.0,2,0,1,2,5,2,2,20.0,0,0,0.0,0,1,0,Jessie Fleming,Chelsea FC Women
26,0,1,0,23,52.27,29,60.42,1,0,76.49,52,56.52,710,4,15,2,8,0,0,0,16,1,0,0,0,0,11,0,296,1,0,0.0,18,32.73,14,44,4,0,5,0,1,0.0,0,1,0.0,1,0,0,Sophie Howard,Leicester City WFC
27,2,2,0,29,49.15,3,25.0,4,1,72.92,32,45.07,720,14,6,3,8,0,0,0,17,1,0,0,0,0,39,1,210,5,0,0.0,11,33.33,19,10,15,1,11,5,4,18.18,1,0,0.0,1,0,0,Samantha Tierney,Leicester City WFC
28,0,0,0,0,0.0,0,0.0,0,0,83.33,0,0.0,12,0,1,0,2,0,0,0,0,0,0,0,0,0,4,0,5,0,0,0.0,0,0.0,0,0,0,0,3,0,1,0.0,0,0,0.0,0,0,0,Vivianne Miedema,Arsenal Women
29,0,0,0,27,65.85,9,52.94,3,1,63.05,36,62.07,720,3,2,4,8,0,0,0,16,6,0,0,0,0,25,0,157,2,0,0.0,18,31.03,11,50,7,0,5,1,1,0.0,0,1,0.0,0,0,0,Naomi Layzell,Bristol City WFC
30,0,0,0,12,54.55,0,0.0,3,0,76.34,12,44.44,475,4,2,1,7,0,0,0,9,0,0,0,0,0,40,0,100,4,1,5.0,3,60.0,0,2,4,1,11,4,3,0.0,1,5,0.0,0,0,0,Nicoline Sørensen,Everton Women
31,1,0,0,8,40.0,1,50.0,2,0,81.45,9,40.91,236,1,4,2,6,0,0,0,0,1,0,0,0,0,36,1,101,1,1,14.29,3,75.0,0,1,2,0,2,1,1,50.0,0,2,0.0,0,0,0,Ashley Lawrence,Chelsea FC Women
32,0,0,0,9,56.25,2,28.57,2,0,82.16,11,47.83,399,1,2,2,7,0,0,0,4,0,0,0,0,0,56,0,152,4,2,20.0,3,27.27,4,4,2,0,0,0,0,0.0,0,0,0.0,0,0,0,Noelle Maritz,Arsenal Women
33,0,0,0,9,42.86,4,44.44,0,0,85.71,13,43.33,250,1,4,6,4,0,0,0,2,1,0,0,0,0,11,0,78,3,0,0.0,0,0.0,4,5,1,0,2,0,0,0.0,0,0,0.0,0,0,0,Hayley Ladd,Manchester United Women
34,0,4,0,14,45.16,6,40.0,2,0,81.23,20,43.48,715,2,9,3,8,0,0,0,13,3,0,0,0,0,15,0,238,3,0,0.0,21,58.33,14,24,3,0,1,1,0,0.0,0,0,0.0,0,0,0,Hawa Cissoko,West Ham Women
35,0,2,0,17,60.71,6,100.0,1,0,78.92,23,67.65,399,8,5,0,7,0,0,0,6,0,0,0,0,0,24,0,161,1,0,0.0,12,41.38,7,21,3,0,0,0,0,0.0,0,0,0.0,0,0,0,Josie Green,Leicester City WFC
36,0,0,0,19,52.78,1,50.0,4,0,68.92,20,52.63,354,7,6,11,7,0,0,0,9,1,0,0,0,0,23,0,51,7,2,28.57,0,0.0,3,2,1,1,6,1,1,0.0,0,1,0.0,0,0,0,Emma Harries,West Ham Women
37,1,1,0,12,25.53,3,23.08,2,0,73.63,15,25.0,355,7,12,15,6,0,0,0,8,0,0,0,0,0,24,1,67,4,0,0.0,0,0.0,1,3,3,3,17,7,5,5.88,0,0,0.0,0,0,0,Martina Piemonte,Everton Women
38,0,0,0,4,66.67,1,33.33,0,0,91.4,5,55.56,190,1,1,1,3,0,0,0,3,0,0,0,0,0,6,0,85,0,0,0.0,12,80.0,1,3,0,0,1,0,1,0.0,0,0,0.0,0,0,0,Jennifer Beattie,Arsenal Women
39,0,0,0,4,50.0,2,100.0,1,0,66.67,6,60.0,190,0,1,1,3,0,0,0,3,0,0,0,0,0,9,0,34,0,1,11.11,3,60.0,5,9,1,0,2,0,0,0.0,0,0,0.0,0,0,0,Li Mengwen,Brighton
40,0,0,0,4,36.36,2,66.67,1,0,73.61,6,42.86,199,1,2,1,3,0,0,0,3,0,0,0,0,0,9,0,53,1,0,0.0,0,0.0,1,3,2,0,3,1,0,0.0,0,0,0.0,0,0,0,Sara Holmgaard,Everton Women
41,1,0,0,19,67.86,3,23.08,6,0,76.03,22,53.66,365,8,0,9,8,0,0,0,9,3,0,0,0,0,44,0,111,3,1,25.0,4,50.0,2,3,0,0,2,1,1,50.0,0,2,0.0,0,0,0,Lee Geum-min,Brighton
42,0,0,0,15,34.88,3,21.43,5,2,72.47,18,31.58,638,5,3,12,8,0,0,0,12,2,0,0,0,0,44,3,129,11,6,23.08,4,50.0,5,5,6,0,4,0,1,0.0,1,3,0.0,0,0,0,Katie Robinson,Brighton
43,0,1,0,38,58.46,5,83.33,11,0,67.21,43,60.56,565,5,9,13,8,0,0,0,16,0,0,0,0,0,23,0,164,2,0,0.0,12,36.36,14,16,4,0,0,0,0,0.0,0,0,0.0,0,0,0,Catherine Bott,Leicester City WFC
44,0,0,1,16,42.11,1,16.67,4,1,69.23,17,38.64,400,4,6,8,5,0,0,0,9,0,0,0,0,0,39,0,99,3,4,17.39,4,30.77,5,1,3,0,5,2,0,0.0,0,0,0.0,0,0,0,Kirsty Hanson,Aston Villa WFC
45,0,0,0,7,36.84,5,33.33,0,0,89.88,12,35.29,363,5,4,3,5,0,0,0,4,0,0,0,0,0,15,0,293,3,3,42.86,7,36.84,5,9,3,0,2,1,1,0.0,0,0,0.0,0,0,0,Maren Mjelde,Chelsea FC Women
46,4,0,0,13,36.11,4,26.67,2,0,70.19,17,33.33,679,4,4,12,8,0,0,0,16,6,0,0,0,0,26,0,73,6,0,0.0,0,0.0,2,2,3,1,12,9,2,33.33,0,10,0.0,0,0,0,Amalie Thestrup,Bristol City WFC
47,0,2,0,12,57.14,6,66.67,2,0,84.29,18,60.0,720,2,5,2,8,0,0,0,16,3,0,0,0,0,13,0,236,2,0,0.0,16,47.06,5,45,2,0,0,0,0,0.0,0,0,0.0,0,0,0,Maria Thorisdottir,Brighton
48,0,1,0,6,37.5,0,0.0,2,0,83.75,6,33.33,163,2,2,6,5,0,0,0,1,0,0,0,0,0,31,0,67,5,1,50.0,2,40.0,1,0,2,1,5,2,1,0.0,0,0,0.0,0,0,0,Deyna Castellanos,Manchester City W.F.C.
49,0,0,0,8,50.0,0,0.0,0,0,68.29,8,50.0,119,2,2,2,5,0,0,0,4,0,0,0,0,0,17,0,28,3,2,22.22,1,50.0,1,0,0,0,3,0,2,0.0,0,0,0.0,0,0,0,Rosella Ayane,Tottenham FC Women
50,0,0,0,14,45.16,2,25.0,3,1,77.64,16,41.03,469,5,4,11,8,0,0,0,8,0,0,0,0,0,36,2,125,5,4,33.33,1,11.11,5,2,2,0,5,2,3,0.0,0,0,0.0,0,0,0,Hanna Bennison,Everton Women
51,0,0,0,25,52.08,2,33.33,6,0,69.29,27,50.0,556,3,9,5,8,0,0,0,12,0,0,0,0,0,31,0,167,3,1,25.0,4,28.57,11,12,5,0,2,0,0,0.0,0,2,0.0,0,0,0,Clare Wheeler,Everton Women
52,0,0,0,11,47.83,10,55.56,0,0,85.07,21,51.22,719,1,3,4,8,0,0,0,16,4,0,0,0,0,46,0,450,2,0,0.0,24,46.15,7,42,5,0,5,0,1,0.0,0,0,0.0,1,0,0,Danielle Turner,Aston Villa WFC
53,1,2,0,19,51.35,12,54.55,2,1,55.45,31,52.54,413,6,5,6,6,0,0,0,10,2,0,0,0,0,13,0,61,1,1,100.0,1,12.5,3,12,4,0,5,3,0,20.0,0,2,0.0,0,0,0,Rachel Furness,Bristol City WFC
54,1,1,0,12,57.14,2,40.0,4,0,86.73,14,53.85,414,2,8,1,6,0,0,0,10,0,0,0,0,0,23,0,255,2,2,66.67,12,34.29,3,10,0,0,1,1,0,100.0,0,0,0.0,0,0,0,Nathalie Bjorn,Everton Women
55,0,0,0,0,0.0,1,50.0,0,0,81.38,1,50.0,630,0,0,0,7,10,7,3,6,0,9,2,0,2,3,0,153,0,0,0.0,29,49.15,0,2,0,0,0,0,0,0.0,0,0,0.0,0,2,0,Manuela Zinsberger,Arsenal Women
56,0,2,0,8,44.44,9,56.25,0,0,86.36,17,50.0,622,2,6,3,8,0,0,0,10,4,0,0,0,0,40,1,361,5,0,0.0,25,53.19,5,17,1,2,4,2,0,0.0,0,0,0.0,1,0,0,Rachel Corsie,Aston Villa WFC
57,1,1,0,9,33.33,0,0.0,6,1,71.43,9,29.03,189,1,3,7,5,0,0,0,2,0,0,0,0,0,15,0,35,6,3,20.0,1,33.33,0,0,4,0,4,1,2,25.0,0,1,0.0,0,0,0,Melissa Lawley,Liverpool FC Women
58,1,0,0,4,30.77,1,12.5,2,0,64.58,5,23.81,175,2,3,4,5,0,0,0,0,0,0,0,0,0,9,0,31,1,1,25.0,4,80.0,1,2,2,0,5,1,2,20.0,0,2,0.0,0,0,0,Natasha Flint,Liverpool FC Women
59,0,0,0,7,53.85,0,0.0,2,1,75.0,7,53.85,103,2,1,2,5,0,0,0,1,0,0,0,0,0,21,0,36,3,0,0.0,1,50.0,0,0,0,1,3,1,1,0.0,0,1,0.0,0,0,0,Jessica Park,Manchester City W.F.C.
60,0,2,0,13,68.42,0,0.0,2,1,50.0,13,65.0,134,6,0,4,6,0,0,0,2,0,0,0,0,0,3,0,7,1,0,0.0,0,0.0,0,0,1,0,2,1,1,0.0,0,3,0.0,0,0,0,Mia Enderby,Liverpool FC Women
61,0,0,0,12,52.17,7,77.78,2,1,83.76,19,59.38,685,2,1,6,8,0,0,0,15,0,0,0,0,0,44,1,392,10,7,41.18,12,38.71,7,7,2,0,1,0,0,0.0,0,0,0.0,0,0,0,Katrine Veje,Everton Women
62,1,0,0,18,47.37,3,30.0,1,0,68.61,21,43.75,496,5,9,5,7,0,0,0,11,1,0,0,0,0,33,0,94,2,0,0.0,5,45.45,5,3,5,0,4,2,0,25.0,0,1,0.0,0,0,0,Aileen Whelan,Leicester City WFC
63,0,0,0,1,100.0,0,0.0,0,0,100.0,1,100.0,8,0,0,0,1,0,0,0,0,0,0,0,0,0,1,0,9,0,0,0.0,0,0.0,1,0,0,0,0,0,0,0.0,0,0,0.0,0,0,0,Demi Stokes,Manchester City W.F.C.
64,0,0,0,2,66.67,0,0.0,1,0,66.67,2,66.67,27,0,0,0,1,0,0,0,1,0,0,0,0,0,1,0,6,0,0,0.0,0,0.0,0,3,1,0,0,0,0,0.0,0,0,0.0,0,0,0,Shelina Zadorsky,Tottenham FC Women
65,0,0,0,4,100.0,1,50.0,0,0,71.88,5,83.33,43,1,0,0,3,0,0,0,0,0,0,0,0,0,3,0,23,0,0,0.0,1,25.0,1,1,0,0,0,0,0,0.0,0,0,0.0,0,0,0,Gemma Evans,Manchester United Women
66,0,1,0,5,33.33,1,50.0,1,0,71.3,6,35.29,398,1,1,6,6,0,0,0,8,0,0,0,0,0,23,0,77,4,0,0.0,0,0.0,1,3,2,1,8,4,2,0.0,1,0,0.0,0,0,0,Katja Snoeijs,Everton Women
67,0,0,0,9,52.94,0,0.0,3,0,68.97,9,52.94,115,3,1,3,7,0,0,0,3,0,0,0,0,0,16,0,40,2,0,0.0,3,50.0,2,2,1,0,2,0,1,0.0,0,0,0.0,0,0,0,Kit Graham,Tottenham FC Women
68,0,2,0,13,44.83,1,25.0,2,2,54.64,14,42.42,453,6,3,6,8,0,0,0,12,0,0,0,0,0,24,3,53,6,3,20.0,1,20.0,2,1,2,0,3,1,1,0.0,0,1,0.0,0,0,0,Hannah Cain,Leicester City WFC
69,1,1,0,17,42.5,6,75.0,6,0,77.7,23,47.92,554,1,7,11,7,0,0,0,10,0,0,0,0,0,39,0,209,5,0,0.0,6,28.57,7,3,4,0,7,1,4,14.29,0,0,0.0,0,0,0,Aurora Galli,Everton Women
70,0,0,0,15,46.88,0,0.0,3,1,82.67,15,40.54,530,0,1,9,7,0,0,0,9,3,0,0,0,0,50,0,186,4,0,0.0,12,57.14,4,3,2,0,5,0,4,0.0,0,0,0.0,0,0,0,Honoka Hayashi,West Ham Women
71,0,0,0,12,63.16,4,40.0,4,0,71.81,16,55.17,309,0,1,1,8,0,0,0,10,2,0,0,0,0,38,0,107,2,3,50.0,2,22.22,7,2,4,0,1,0,0,0.0,0,0,0.0,0,0,0,Charlize Rule,Brighton
72,0,1,0,5,50.0,2,20.0,2,1,61.11,7,35.0,113,2,2,2,4,0,0,0,1,0,0,0,0,0,7,1,22,1,1,100.0,1,16.67,0,1,0,0,2,1,0,0.0,0,0,0.0,0,0,0,Yana Daniels,Liverpool FC Women
73,0,0,0,4,66.67,0,0.0,1,0,75.0,4,66.67,47,0,0,0,4,0,0,0,2,0,0,0,0,0,4,0,12,1,1,50.0,0,0.0,1,0,1,0,1,1,0,0.0,0,0,0.0,0,0,0,Lucy Parry,Liverpool FC Women
74,0,1,0,23,65.71,4,66.67,4,0,74.45,27,65.85,720,4,3,7,8,0,0,0,16,3,0,0,0,0,52,1,236,4,1,11.11,16,36.36,9,14,2,0,2,1,0,0.0,0,0,0.0,0,0,0,Risa Shimizu,West Ham Women
75,1,0,0,19,43.18,1,33.33,6,0,73.68,20,42.55,401,8,3,12,8,0,0,0,9,1,0,0,0,0,17,0,56,5,2,28.57,0,0.0,3,4,4,1,7,3,3,14.29,0,3,0.0,0,0,0,Missy Goodwin,Leicester City WFC
76,0,0,0,8,40.0,0,0.0,2,0,54.61,8,34.78,644,0,0,5,8,0,0,0,10,6,0,0,0,0,38,1,83,3,4,28.57,2,15.38,13,8,2,0,6,5,0,0.0,0,0,0.0,0,0,0,Ffion Morgan,Bristol City WFC
77,0,0,0,7,100.0,3,42.86,1,0,74.42,10,71.43,142,2,0,0,8,0,0,0,3,0,0,0,0,0,8,0,32,2,0,0.0,2,50.0,2,2,0,0,2,0,0,0.0,0,0,0.0,0,0,0,Emily Syme,Bristol City WFC
78,0,0,0,0,0.0,0,0.0,0,0,82.61,0,0.0,29,0,0,0,2,0,0,0,0,0,0,0,0,0,2,0,19,0,0,0.0,1,33.33,0,2,0,0,0,0,0,0.0,0,0,0.0,0,0,0,Stephanie Houghton,Manchester City W.F.C.
79,0,0,0,4,50.0,0,0.0,1,0,69.23,4,50.0,28,0,2,1,2,0,0,0,0,0,0,0,0,0,3,0,9,0,0,0.0,0,0.0,0,0,1,0,0,0,0,0.0,0,0,0.0,0,0,0,Keira Flannery,West Ham Women
80,0,0,0,3,42.86,5,71.43,1,0,65.0,8,57.14,135,1,1,2,4,0,0,0,2,1,0,0,0,0,7,0,26,1,0,0.0,1,50.0,0,2,1,0,7,2,2,0.0,0,0,0.0,0,0,0,Madison Haley,Brighton
81,1,0,0,6,50.0,4,80.0,0,0,72.0,10,58.82,128,2,2,1,5,0,0,0,5,1,0,0,0,0,14,0,54,0,0,0.0,2,22.22,1,3,3,0,2,2,0,50.0,0,1,0.0,0,0,0,Aimee Palmer,Leicester City WFC
82,1,0,0,8,34.78,0,0.0,4,0,60.38,8,30.77,250,2,1,5,8,0,0,0,7,3,0,0,0,0,18,0,32,2,0,0.0,2,40.0,4,0,1,1,7,3,1,14.29,0,0,0.0,0,0,0,Ebony Salmon,Aston Villa WFC
83,0,1,0,23,52.27,4,50.0,1,0,78.55,27,51.92,626,4,3,6,8,0,0,0,13,3,0,0,0,0,63,0,238,2,4,28.57,11,47.83,10,15,7,0,1,1,0,0.0,0,0,0.0,0,0,0,Sarah Mayling,Aston Villa WFC
84,1,0,0,1,20.0,0,0.0,0,0,64.0,1,10.0,89,0,0,2,3,0,0,0,0,0,0,0,0,0,5,0,16,0,0,0.0,0,0.0,1,0,0,0,1,1,0,100.0,0,0,0.0,0,0,0,Miri Taylor,Liverpool FC Women
85,0,1,0,11,61.11,2,66.67,1,0,84.02,13,61.9,266,2,4,2,6,0,0,0,6,0,0,0,0,0,17,0,142,3,0,0.0,6,37.5,1,4,1,0,0,0,0,0.0,0,0,0.0,0,0,0,Karen Holmgaard,Everton Women
86,0,0,0,21,48.84,1,20.0,2,0,78.86,22,45.83,452,4,3,12,7,0,0,0,10,2,0,0,0,0,33,0,138,4,1,100.0,3,60.0,5,0,4,0,3,0,1,0.0,0,1,0.0,0,0,0,Laura Blindkilde,Aston Villa WFC
87,0,1,0,1,33.33,0,0.0,0,0,58.33,1,20.0,37,0,2,0,4,0,0,0,0,0,0,0,0,0,2,0,7,1,0,0.0,0,0.0,1,0,0,0,2,0,1,0.0,0,0,0.0,0,0,0,Sofie Lundgaard,Liverpool FC Women
88,0,0,0,7,38.89,1,25.0,0,0,82.86,8,36.36,129,1,0,9,4,0,0,0,2,0,0,0,0,0,19,0,58,1,0,0.0,2,40.0,2,1,2,0,1,0,1,0.0,0,0,0.0,0,0,0,Julie Blakstad,Manchester City W.F.C.
89,0,0,0,7,41.18,2,66.67,0,0,62.86,9,45.0,130,1,1,4,4,0,0,0,1,1,0,0,0,0,7,0,22,3,1,16.67,0,0.0,2,1,1,0,2,1,1,0.0,0,0,0.0,0,0,0,Simone Magill,Aston Villa WFC
90,0,0,0,13,65.0,0,0.0,4,0,75.41,13,59.09,124,1,1,0,5,0,0,0,3,0,0,0,0,0,17,0,46,0,0,0.0,0,0.0,0,7,3,0,0,0,0,0.0,0,0,0.0,0,0,0,Kerstin Yasmijn Casparij,Manchester City W.F.C.
91,0,0,0,9,37.5,0,0.0,0,0,82.93,9,36.0,218,4,3,4,6,0,0,0,7,0,0,0,0,0,11,0,34,1,0,0.0,0,0.0,0,1,5,0,6,2,1,0.0,0,0,0.0,0,0,0,Alisha Lehmann,Aston Villa WFC
92,0,2,0,19,55.88,6,40.0,3,0,71.76,25,51.02,429,5,6,5,7,0,0,0,13,1,0,0,0,0,21,0,155,4,0,0.0,7,23.33,17,15,3,0,1,0,0,0.0,0,0,0.0,0,2,0,Julie Thibaud,Leicester City WFC
93,1,1,0,28,45.9,6,31.58,4,0,73.0,34,42.5,676,3,11,13,8,0,0,0,15,6,0,0,0,0,30,0,146,7,1,33.33,5,33.33,9,9,6,0,6,2,3,16.67,0,0,0.0,0,0,0,Amy Rodgers,Bristol City WFC
94,0,1,0,11,39.29,5,35.71,1,0,72.44,16,38.1,700,2,6,6,8,0,0,0,17,1,0,0,0,0,60,0,205,10,6,31.58,10,31.25,13,16,3,0,4,2,1,0.0,0,0,0.0,1,0,0,Courtney Nevin,Leicester City WFC
95,0,1,0,14,40.0,2,33.33,6,1,78.79,16,39.02,106,1,2,9,6,0,0,0,5,1,0,0,0,0,11,0,26,2,2,22.22,0,0.0,0,1,6,0,3,1,0,0.0,0,0,0.0,0,0,0,Veatriki Sarri,Brighton
96,0,0,0,0,0.0,0,0.0,0,0,0.0,0,0.0,11,0,0,0,1,0,0,0,0,0,0,0,0,0,0,0,0,0,0,0.0,0,0.0,0,2,0,0,0,0,0,0.0,0,0,,0,0,0,Jess Simpson,Bristol City WFC
97,0,0,0,1,33.33,1,33.33,0,0,93.1,2,33.33,57,1,0,2,2,0,0,0,1,0,0,0,0,0,2,0,54,0,0,0.0,4,80.0,0,2,0,0,0,0,0,0.0,0,0,0.0,0,0,0,Kadeisha Buchanan,Chelsea FC Women
98,0,0,0,3,60.0,0,0.0,0,0,40.0,3,60.0,31,2,1,1,3,0,0,0,0,0,0,0,0,0,1,0,2,1,2,100.0,0,0.0,0,1,0,0,0,0,0,0.0,0,0,0.0,0,0,0,Megan Campbell,Everton Women
99,0,1,0,7,33.33,1,100.0,2,0,72.5,8,36.36,153,2,3,5,6,0,0,0,6,0,0,0,0,0,12,0,29,0,0,0.0,0,0.0,0,0,3,0,5,2,1,0.0,0,0,0.0,0,0,0,Isibeal Atkinson,West Ham Women
0,0,2,0,21,56.76,0,0.0,2,1,72.41,21,52.5,695,3,9,7,8,0,0,0,16,6,0,0,0,0,18,0,147,5,5,19.23,25,43.1,6,26,2,0,0,0,0,0.0,0,0,0.0,0,0,0,Megan Connolly,Bristol City WFC
1,0,0,0,18,52.94,3,42.86,1,0,71.69,21,51.22,659,2,3,5,8,0,0,0,14,3,0,0,0,0,37,0,195,0,2,28.57,10,40.0,10,11,4,0,1,1,0,0.0,0,0,0.0,0,0,0,Emma Kullberg,Brighton
2,0,0,0,4,30.77,1,100.0,1,1,61.36,5,35.71,174,0,1,5,6,0,0,0,3,0,0,0,0,0,8,0,27,3,1,50.0,2,66.67,0,2,1,0,1,1,0,0.0,0,1,0.0,0,0,0,Deanne Rose,Leicester City WFC
3,1,2,0,38,47.5,3,23.08,8,0,66.43,41,44.09,656,9,11,14,8,0,0,0,16,6,0,0,0,0,28,0,95,3,0,0.0,3,23.08,5,2,5,1,7,3,2,14.29,0,0,0.0,0,0,0,Carrie Jones,Bristol City WFC
4,0,0,0,11,57.89,5,50.0,1,0,87.03,16,55.17,675,2,2,3,8,0,0,0,15,0,0,0,0,0,21,0,436,0,0,0.0,15,42.86,8,18,3,0,2,1,1,0.0,0,0,0.0,0,0,0,Luana Bühler,Tottenham FC Women
5,0,1,0,9,32.14,1,100.0,0,0,81.98,10,34.48,450,4,10,3,6,0,0,0,11,2,0,0,0,0,27,0,141,2,0,0.0,5,45.45,12,5,4,0,1,0,0,0.0,1,0,0.0,0,0,0,Abbey-Leigh Stringer,West Ham Women
6,1,2,0,7,53.85,8,66.67,0,0,73.89,15,60.0,610,2,6,0,8,0,0,0,15,5,0,0,0,0,9,0,116,1,1,100.0,9,31.03,12,21,0,0,3,1,0,33.33,0,0,0.0,0,0,0,Brooke Aspin,Bristol City WFC
7,0,0,0,1,50.0,0,0.0,0,0,81.82,1,50.0,30,1,0,1,2,0,0,0,1,0,0,0,0,0,5,0,18,1,1,100.0,0,0.0,0,1,0,0,0,0,0,0.0,0,0,0.0,0,0,0,Ruby Mace,Manchester City W.F.C.
8,0,0,0,2,50.0,0,0.0,0,0,75.0,2,50.0,26,1,0,1,2,0,0,0,0,0,0,0,0,0,1,0,6,0,0,0.0,0,0.0,0,0,1,0,0,0,0,0.0,0,0,0.0,0,0,0,Princess Ademiluyi,West Ham Women
9,0,0,0,6,54.55,1,33.33,2,0,74.68,7,50.0,156,2,3,1,4,0,0,0,2,0,0,0,0,0,6,0,59,1,0,0.0,5,50.0,0,3,0,0,0,0,0,0.0,0,0,0.0,0,0,0,Jasmine Matthews,Liverpool FC Women
10,0,1,0,5,38.46,1,50.0,0,0,75.41,6,40.0,322,2,3,3,7,0,0,0,8,2,0,0,0,0,31,0,92,1,1,16.67,7,63.64,2,3,1,0,3,1,2,0.0,0,0,0.0,0,0,0,Melisa Filis,West Ham Women
11,0,1,0,15,45.45,4,30.77,0,0,62.68,19,41.3,360,3,5,4,5,0,0,0,9,2,0,0,0,0,14,0,89,0,0,0.0,6,28.57,8,22,7,0,2,1,0,0.0,0,0,0.0,0,0,0,Jorelyn Carabalí,Brighton
12,0,0,0,2,22.22,2,40.0,0,0,75.0,4,28.57,111,0,1,3,6,0,0,0,3,0,0,0,0,0,11,0,39,1,0,0.0,3,100.0,0,1,3,0,2,0,1,0.0,0,0,0.0,0,0,0,Toni Duggan,Everton Women
13,0,0,0,1,50.0,0,0.0,1,0,64.29,1,50.0,40,0,1,0,3,0,0,0,1,0,0,0,0,0,2,0,9,0,0,0.0,0,0.0,0,1,0,0,0,0,0,0.0,0,1,0.0,0,0,0,Ava Baker,Leicester City WFC
14,0,1,0,2,28.57,2,50.0,1,0,86.21,4,36.36,128,0,3,1,3,0,0,0,3,1,0,0,0,0,0,0,25,0,0,0.0,2,100.0,1,8,1,1,2,0,0,0.0,0,0,0.0,0,0,0,Satara Melonie Murray,Bristol City WFC
15,0,1,0,17,45.95,1,25.0,1,0,78.75,18,43.9,439,2,8,3,6,0,0,0,10,1,0,0,0,0,23,1,126,2,4,57.14,2,28.57,8,4,7,0,2,2,0,0.0,0,0,0.0,0,0,0,Anouk Denton,West Ham Women
16,1,1,0,13,31.71,4,50.0,0,1,82.68,17,34.69,501,0,4,6,7,0,0,0,10,2,0,0,0,0,65,0,253,3,2,28.57,6,46.15,6,9,5,0,3,1,2,33.33,0,0,0.0,0,0,0,Mayumi Pacheco,Aston Villa WFC
17,0,0,0,8,40.0,1,100.0,3,0,55.0,9,42.86,154,1,3,3,7,0,0,0,3,0,0,0,0,0,6,0,22,0,0,0.0,0,0.0,1,2,1,1,2,1,0,0.0,0,0,0.0,0,0,0,Mari Ward,Bristol City WFC
18,1,0,0,27,58.7,3,30.0,5,0,55.56,30,53.57,596,7,2,4,8,0,0,0,11,6,0,0,0,0,21,0,85,1,4,36.36,4,13.33,12,19,12,0,2,2,0,50.0,0,0,0.0,0,0,0,Ella Powell,Bristol City WFC
19,0,0,0,0,0.0,0,0.0,0,0,100.0,0,0.0,8,0,0,0,1,0,0,0,0,0,0,0,0,0,0,0,2,0,0,0.0,0,0.0,0,1,0,0,0,0,0,0.0,0,0,0.0,0,0,0,Niamh Fahey,Liverpool FC Women
20,0,0,0,0,0.0,1,100.0,0,0,66.67,1,100.0,14,0,0,0,1,0,0,0,1,0,0,0,0,0,1,0,2,0,0,0.0,0,0.0,0,0,0,0,0,0,0,0.0,0,1,0.0,0,0,0,Remy Siemsen,Leicester City WFC
21,0,0,0,0,0.0,0,0.0,0,0,100.0,0,0.0,11,0,0,0,1,0,0,0,0,0,0,0,0,0,0,0,1,0,0,0.0,1,100.0,0,0,0,0,0,0,0,0.0,0,0,0.0,0,0,0,Tianna Teisar,Bristol City WFC
22,0,0,0,12,37.5,3,100.0,3,0,71.79,15,42.86,236,2,4,5,7,0,0,0,8,0,0,0,0,0,20,0,84,3,2,50.0,4,44.44,5,3,6,0,0,0,0,0.0,0,0,0.0,0,0,0,Karoline Olesen,Everton Women
23,0,1,0,9,34.62,3,42.86,0,0,74.42,12,36.36,214,3,6,8,8,0,0,0,7,1,0,0,0,0,29,0,64,3,0,0.0,1,50.0,0,2,2,1,3,2,0,0.0,0,1,0.0,1,0,0,Tatiana Pinto,Brighton
24,0,1,0,3,18.75,1,20.0,1,0,83.23,4,19.05,361,0,3,6,8,0,0,0,11,3,0,0,0,0,44,0,139,4,0,0.0,6,66.67,1,2,4,1,5,2,1,0.0,0,1,0.0,0,0,0,Jordan Nobbs,Aston Villa WFC
25,1,0,0,22,44.0,6,42.86,6,0,65.65,28,43.75,698,2,5,11,8,0,0,0,16,3,0,0,0,0,48,1,172,8,5,20.0,15,37.5,3,16,6,1,4,2,1,25.0,0,1,0.0,0,0,0,Kirsty Smith,West Ham Women
26,0,0,0,1,16.67,0,0.0,0,0,100.0,1,16.67,42,1,1,2,4,0,0,0,0,0,0,0,0,0,5,0,8,1,0,0.0,0,0.0,0,1,0,0,0,0,0,0.0,0,0,0.0,0,0,0,Shania Hayles,Bristol City WFC
27,0,2,0,28,50.91,2,28.57,4,1,61.98,30,48.39,571,10,10,7,7,0,0,0,12,5,0,0,0,0,21,0,75,1,2,28.57,4,26.67,8,11,8,0,3,0,2,0.0,0,1,0.0,0,0,0,Jamie-Lee Napier,Bristol City WFC
28,0,0,0,0,0.0,0,0.0,0,0,78.26,0,0.0,180,0,0,2,2,4,3,1,3,0,0,0,0,0,1,0,54,0,0,0.0,12,50.0,0,2,0,0,0,0,0,0.0,0,0,0.0,0,0,0,Emily Ramsey,Everton Women
29,0,0,0,1,33.33,1,100.0,0,0,75.0,2,50.0,43,1,1,0,2,0,0,0,0,0,0,0,0,0,1,0,12,0,0,0.0,0,0.0,0,1,0,0,0,0,0,0.0,0,0,0.0,0,0,0,Jessica Ziu,West Ham Women
30,0,0,0,0,0.0,0,0.0,0,0,80.0,0,0.0,36,0,0,2,3,0,0,0,1,1,0,0,0,0,2,0,12,0,0,0.0,0,0.0,1,2,0,0,0,0,0,0.0,0,0,0.0,0,0,0,Olivia McLoughlin,Aston Villa WFC
31,0,1,0,4,25.0,4,28.57,0,1,60.0,8,26.67,225,3,1,7,4,0,0,0,3,1,0,0,0,0,10,0,36,3,1,16.67,0,0.0,1,5,0,0,2,0,0,0.0,0,2,0.0,0,0,0,Abigail Harrison,Bristol City WFC
32,0,0,0,7,31.82,0,0.0,1,0,73.85,7,31.82,205,3,3,10,4,0,0,0,5,0,0,0,0,0,11,0,48,1,2,25.0,1,33.33,1,3,1,0,1,0,1,0.0,0,0,0.0,0,0,0,Poppy Pattinson,Brighton
33,0,1,0,11,47.83,9,69.23,0,0,72.61,20,55.56,549,1,8,2,7,0,0,0,11,2,0,0,0,0,26,0,220,0,0,0.0,29,50.88,3,29,2,0,4,0,2,0.0,0,0,0.0,1,1,0,Shannon Cooke,West Ham Women
34,0,0,0,1,25.0,0,0.0,1,0,77.78,1,25.0,28,0,2,1,2,0,0,0,0,0,0,0,0,0,4,0,7,0,0,0.0,0,0.0,0,0,0,1,2,0,1,0.0,0,1,0.0,0,0,0,Ellie Brazil,Tottenham FC Women
35,0,0,0,11,36.67,0,0.0,3,0,77.78,11,34.38,283,1,5,8,8,0,0,0,8,0,0,0,0,0,17,0,42,1,0,0.0,0,0.0,0,2,2,1,6,2,3,0.0,0,5,0.0,0,0,0,Emma Bissell,Everton Women
36,0,0,0,2,22.22,1,50.0,0,0,70.59,3,27.27,136,0,1,0,5,0,0,0,7,0,0,0,0,0,14,0,36,3,1,20.0,4,80.0,3,3,4,0,0,0,0,0.0,0,0,0.0,0,0,0,Asmita Ale,Tottenham FC Women
37,0,0,0,2,40.0,0,0.0,1,0,85.71,2,40.0,46,0,0,1,2,0,0,0,4,0,0,0,0,0,3,0,6,0,0,0.0,0,0.0,0,0,2,0,1,1,0,0.0,0,0,0.0,0,0,0,Linyan Zhang,Tottenham FC Women
38,0,1,0,8,57.14,2,28.57,0,0,87.18,10,47.62,271,2,3,1,4,0,0,0,11,1,0,0,0,0,3,0,68,1,0,0.0,2,33.33,3,5,2,0,2,1,0,0.0,0,0,0.0,0,0,0,Amber Tysiak,West Ham Women
39,0,0,0,0,0.0,1,100.0,0,0,36.36,1,100.0,90,0,0,0,1,4,3,1,3,1,0,1,1,1,0,0,12,0,0,0.0,7,25.93,0,3,0,0,0,0,0,0.0,0,0,,0,0,0,Fran Bentley,Bristol City WFC
40,0,0,0,0,0.0,0,0.0,0,0,81.4,0,0.0,90,0,0,0,1,2,2,0,2,1,0,0,0,0,3,0,35,0,0,0.0,6,42.86,0,0,0,0,0,0,0,0.0,0,0,0.0,0,0,0,Nicky Evrard,Brighton
41,0,0,0,0,0.0,1,100.0,0,0,77.78,1,100.0,90,0,0,0,1,2,1,1,2,0,2,0,0,0,1,0,21,0,0,0.0,5,50.0,0,0,0,0,0,0,0,0.0,0,0,0.0,1,0,0,Sabrina D'Angelo,Arsenal Women
42,0,0,0,0,0.0,0,0.0,0,0,59.46,0,0.0,90,0,0,0,1,3,1,2,2,1,0,0,1,0,1,0,22,0,0,0.0,6,30.0,0,1,0,0,0,0,0,0.0,0,0,0.0,0,0,0,Megan Walsh,West Ham Women
43,0,0,0,6,46.15,1,50.0,0,0,58.49,7,46.67,197,1,2,1,3,0,0,0,6,4,0,0,0,0,7,0,31,0,0,0.0,0,0.0,2,5,4,0,0,0,0,0.0,0,0,0.0,0,0,0,Chloe Mustaki,Bristol City WFC
44,0,0,0,0,0.0,0,0.0,0,0,80.0,0,0.0,62,0,0,0,1,0,0,0,5,0,0,0,0,0,0,0,8,0,0,0.0,0,0.0,0,9,0,0,0,0,0,0.0,0,0,0.0,0,0,0,Sille Struck,Bristol City WFC
45,0,0,0,3,100.0,0,0.0,1,0,100.0,3,100.0,3,0,0,0,2,0,0,0,0,0,0,0,0,0,0,0,1,0,0,0.0,0,0.0,0,1,0,0,0,0,0,0.0,0,0,0.0,0,0,0,Denny Draper,Leicester City WFC
